[{
  "_id": {
    "$oid": "6908eb76cfbee54fd84eb66e"
  },
  "date": {
    "$date": "2025-10-06T00:00:00.000Z"
  },
  "clock_in": {
    "$date": "2025-10-06T09:00:00.000Z"
  },
  "clock_out": {
    "$date": "2025-10-06T16:45:00.000Z"
  },
  "total_work_hours": 7.75
},
{
  "_id": {
    "$oid": "6908eb76cfbee54fd84eb66f"
  },
  "date": {
    "$date": "2025-10-09T00:00:00.000Z"
  },
  "clock_in": {
    "$date": "2025-10-09T09:30:00.000Z"
  },
  "clock_out": {
    "$date": "2025-10-09T17:00:00.000Z"
  },
  "total_work_hours": 7.5
},
{
  "_id": {
    "$oid": "6908eb76cfbee54fd84eb670"
  },
  "date": {
    "$date": "2025-10-02T00:00:00.000Z"
  },
  "clock_in": {
    "$date": "2025-10-02T09:15:00.000Z"
  },
  "clock_out": {
    "$date": "2025-10-02T17:15:00.000Z"
  },
  "total_work_hours": 8
},
{
  "_id": {
    "$oid": "6908eb76cfbee54fd84eb671"
  },
  "date": {
    "$date": "2025-10-12T00:00:00.000Z"
  },
  "clock_in": {
    "$date": "2025-10-12T09:00:00.000Z"
  },
  "clock_out": {
    "$date": "2025-10-12T17:30:00.000Z"
  },
  "total_work_hours": 8.5
},
{
  "_id": {
    "$oid": "6908eb76cfbee54fd84eb672"
  },
  "date": {
    "$date": "2025-10-10T00:00:00.000Z"
  },
  "clock_in": {
    "$date": "2025-10-10T09:45:00.000Z"
  },
  "clock_out": {
    "$date": "2025-10-10T16:45:00.000Z"
  },
  "total_work_hours": 7
},
{
  "_id": {
    "$oid": "6908eb76cfbee54fd84eb673"
  },
  "date": {
    "$date": "2025-10-12T00:00:00.000Z"
  },
  "clock_in": {
    "$date": "2025-10-12T08:45:00.000Z"
  },
  "clock_out": {
    "$date": "2025-10-12T17:45:00.000Z"
  },
  "total_work_hours": 9
},
{
  "_id": {
    "$oid": "6908eb76cfbee54fd84eb674"
  },
  "date": {
    "$date": "2025-10-14T00:00:00.000Z"
  },
  "clock_in": {
    "$date": "2025-10-14T09:15:00.000Z"
  },
  "clock_out": {
    "$date": "2025-10-14T17:40:00.000Z"
  },
  "total_work_hours": 8.42
},
{
  "_id": {
    "$oid": "6908eb76cfbee54fd84eb675"
  },
  "date": {
    "$date": "2025-10-04T00:00:00.000Z"
  },
  "clock_in": {
    "$date": "2025-10-04T08:45:00.000Z"
  },
  "clock_out": {
    "$date": "2025-10-04T17:43:00.000Z"
  },
  "total_work_hours": 8.97
},
{
  "_id": {
    "$oid": "6908eb76cfbee54fd84eb676"
  },
  "date": {
    "$date": "2025-10-05T00:00:00.000Z"
  },
  "clock_in": {
    "$date": "2025-10-05T09:30:00.000Z"
  },
  "clock_out": {
    "$date": "2025-10-05T17:15:00.000Z"
  },
  "total_work_hours": 7.75
},
{
  "_id": {
    "$oid": "6908eb76cfbee54fd84eb677"
  },
  "date": {
    "$date": "2025-10-06T00:00:00.000Z"
  },
  "clock_in": {
    "$date": "2025-10-06T09:00:00.000Z"
  },
  "clock_out": {
    "$date": "2025-10-06T17:30:00.000Z"
  },
  "total_work_hours": 8.5
},
{
  "_id": {
    "$oid": "6908eb76cfbee54fd84eb678"
  },
  "date": {
    "$date": "2025-10-07T00:00:00.000Z"
  },
  "clock_in": {
    "$date": "2025-10-07T09:00:00.000Z"
  },
  "clock_out": {
    "$date": "2025-10-07T16:45:00.000Z"
  },
  "total_work_hours": 7.75
},
{
  "_id": {
    "$oid": "6908eb76cfbee54fd84eb679"
  },
  "date": {
    "$date": "2025-10-12T00:00:00.000Z"
  },
  "clock_in": {
    "$date": "2025-10-12T09:00:00.000Z"
  },
  "clock_out": {
    "$date": "2025-10-12T17:45:00.000Z"
  },
  "total_work_hours": 8.75
},
{
  "_id": {
    "$oid": "6908eb76cfbee54fd84eb67a"
  },
  "date": {
    "$date": "2025-10-06T00:00:00.000Z"
  },
  "clock_in": {
    "$date": "2025-10-06T09:00:00.000Z"
  },
  "clock_out": {
    "$date": "2025-10-06T16:45:00.000Z"
  },
  "total_work_hours": 7.75
},
{
  "_id": {
    "$oid": "6908eb76cfbee54fd84eb67b"
  },
  "date": {
    "$date": "2025-10-03T00:00:00.000Z"
  },
  "clock_in": {
    "$date": "2025-10-03T09:15:00.000Z"
  },
  "clock_out": {
    "$date": "2025-10-03T17:15:00.000Z"
  },
  "total_work_hours": 8
},
{
  "_id": {
    "$oid": "6908eb76cfbee54fd84eb67c"
  },
  "date": {
    "$date": "2025-10-08T00:00:00.000Z"
  },
  "clock_in": {
    "$date": "2025-10-08T09:30:00.000Z"
  },
  "clock_out": {
    "$date": "2025-10-08T17:00:00.000Z"
  },
  "total_work_hours": 7.5
},
{
  "_id": {
    "$oid": "6908eb76cfbee54fd84eb67d"
  },
  "date": {
    "$date": "2025-10-04T00:00:00.000Z"
  },
  "clock_in": {
    "$date": "2025-10-04T09:00:00.000Z"
  },
  "clock_out": {
    "$date": "2025-10-04T17:15:00.000Z"
  },
  "total_work_hours": 8.25
},
{
  "_id": {
    "$oid": "6908eb76cfbee54fd84eb67e"
  },
  "date": {
    "$date": "2025-10-05T00:00:00.000Z"
  },
  "clock_in": {
    "$date": "2025-10-05T09:30:00.000Z"
  },
  "clock_out": {
    "$date": "2025-10-05T17:15:00.000Z"
  },
  "total_work_hours": 7.75
},
{
  "_id": {
    "$oid": "6908eb76cfbee54fd84eb67f"
  },
  "date": {
    "$date": "2025-10-15T00:00:00.000Z"
  },
  "clock_in": {
    "$date": "2025-10-15T09:00:00.000Z"
  },
  "clock_out": {
    "$date": "2025-10-15T16:45:00.000Z"
  },
  "total_work_hours": 7.75
},
{
  "_id": {
    "$oid": "6908eb76cfbee54fd84eb680"
  },
  "date": {
    "$date": "2025-10-02T00:00:00.000Z"
  },
  "clock_in": {
    "$date": "2025-10-02T09:00:00.000Z"
  },
  "clock_out": {
    "$date": "2025-10-02T17:00:00.000Z"
  },
  "total_work_hours": 8
},
{
  "_id": {
    "$oid": "6908eb76cfbee54fd84eb681"
  },
  "date": {
    "$date": "2025-10-14T00:00:00.000Z"
  },
  "clock_in": {
    "$date": "2025-10-14T09:45:00.000Z"
  },
  "clock_out": {
    "$date": "2025-10-14T17:15:00.000Z"
  },
  "total_work_hours": 7.5
},
{
  "_id": {
    "$oid": "6908eb76cfbee54fd84eb682"
  },
  "date": {
    "$date": "2025-10-10T00:00:00.000Z"
  },
  "clock_in": {
    "$date": "2025-10-10T09:00:00.000Z"
  },
  "clock_out": {
    "$date": "2025-10-10T17:15:00.000Z"
  },
  "total_work_hours": 8.25
},
{
  "_id": {
    "$oid": "6908eb76cfbee54fd84eb683"
  },
  "date": {
    "$date": "2025-10-09T00:00:00.000Z"
  },
  "clock_in": {
    "$date": "2025-10-09T09:00:00.000Z"
  },
  "clock_out": {
    "$date": "2025-10-09T16:45:00.000Z"
  },
  "total_work_hours": 7.75
},
{
  "_id": {
    "$oid": "6908eb76cfbee54fd84eb684"
  },
  "date": {
    "$date": "2025-10-04T00:00:00.000Z"
  },
  "clock_in": {
    "$date": "2025-10-04T09:30:00.000Z"
  },
  "clock_out": {
    "$date": "2025-10-04T17:15:00.000Z"
  },
  "total_work_hours": 7.75
},
{
  "_id": {
    "$oid": "6908eb76cfbee54fd84eb685"
  },
  "date": {
    "$date": "2025-10-15T00:00:00.000Z"
  },
  "clock_in": {
    "$date": "2025-10-15T09:00:00.000Z"
  },
  "clock_out": {
    "$date": "2025-10-15T17:00:00.000Z"
  },
  "total_work_hours": 8
},
{
  "_id": {
    "$oid": "6908eb76cfbee54fd84eb686"
  },
  "date": {
    "$date": "2025-10-01T00:00:00.000Z"
  },
  "clock_in": {
    "$date": "2025-10-01T09:15:00.000Z"
  },
  "clock_out": {
    "$date": "2025-10-01T17:15:00.000Z"
  },
  "total_work_hours": 8
},
{
  "_id": {
    "$oid": "6908eb76cfbee54fd84eb687"
  },
  "date": {
    "$date": "2025-10-08T00:00:00.000Z"
  },
  "clock_in": {
    "$date": "2025-10-08T09:00:00.000Z"
  },
  "clock_out": {
    "$date": "2025-10-08T17:00:00.000Z"
  },
  "total_work_hours": 8
},
{
  "_id": {
    "$oid": "6908eb76cfbee54fd84eb688"
  },
  "date": {
    "$date": "2025-10-06T00:00:00.000Z"
  },
  "clock_in": {
    "$date": "2025-10-06T09:00:00.000Z"
  },
  "clock_out": {
    "$date": "2025-10-06T17:15:00.000Z"
  },
  "total_work_hours": 8.25
},
{
  "_id": {
    "$oid": "6908eb76cfbee54fd84eb689"
  },
  "date": {
    "$date": "2025-10-01T00:00:00.000Z"
  },
  "clock_in": {
    "$date": "2025-10-01T09:00:00.000Z"
  },
  "clock_out": {
    "$date": "2025-10-01T17:00:00.000Z"
  },
  "total_work_hours": 8
},
{
  "_id": {
    "$oid": "6908eb76cfbee54fd84eb68a"
  },
  "date": {
    "$date": "2025-10-15T00:00:00.000Z"
  },
  "clock_in": {
    "$date": "2025-10-15T09:30:00.000Z"
  },
  "clock_out": {
    "$date": "2025-10-15T17:30:00.000Z"
  },
  "total_work_hours": 8
},
{
  "_id": {
    "$oid": "6908eb76cfbee54fd84eb68b"
  },
  "date": {
    "$date": "2025-10-14T00:00:00.000Z"
  },
  "clock_in": {
    "$date": "2025-10-14T09:15:00.000Z"
  },
  "clock_out": {
    "$date": "2025-10-14T17:15:00.000Z"
  },
  "total_work_hours": 8
},
{
  "_id": {
    "$oid": "6908eb76cfbee54fd84eb68c"
  },
  "date": {
    "$date": "2025-10-03T00:00:00.000Z"
  },
  "clock_in": {
    "$date": "2025-10-03T09:00:00.000Z"
  },
  "clock_out": {
    "$date": "2025-10-03T17:15:00.000Z"
  },
  "total_work_hours": 8.25
},
{
  "_id": {
    "$oid": "6908eb76cfbee54fd84eb68d"
  },
  "date": {
    "$date": "2025-10-07T00:00:00.000Z"
  },
  "clock_in": {
    "$date": "2025-10-07T09:00:00.000Z"
  },
  "clock_out": {
    "$date": "2025-10-07T17:00:00.000Z"
  },
  "total_work_hours": 8
},
{
  "_id": {
    "$oid": "6908eb76cfbee54fd84eb68e"
  },
  "date": {
    "$date": "2025-10-06T00:00:00.000Z"
  },
  "clock_in": {
    "$date": "2025-10-06T09:00:00.000Z"
  },
  "clock_out": {
    "$date": "2025-10-06T17:15:00.000Z"
  },
  "total_work_hours": 8.25
},
{
  "_id": {
    "$oid": "6908eb76cfbee54fd84eb68f"
  },
  "date": {
    "$date": "2025-10-14T00:00:00.000Z"
  },
  "clock_in": {
    "$date": "2025-10-14T09:30:00.000Z"
  },
  "clock_out": {
    "$date": "2025-10-14T16:45:00.000Z"
  },
  "total_work_hours": 7.25
},
{
  "_id": {
    "$oid": "6908eb76cfbee54fd84eb690"
  },
  "date": {
    "$date": "2025-10-08T00:00:00.000Z"
  },
  "clock_in": {
    "$date": "2025-10-08T09:00:00.000Z"
  },
  "clock_out": {
    "$date": "2025-10-08T17:30:00.000Z"
  },
  "total_work_hours": 8.5
},
{
  "_id": {
    "$oid": "6908eb76cfbee54fd84eb691"
  },
  "date": {
    "$date": "2025-10-04T00:00:00.000Z"
  },
  "clock_in": {
    "$date": "2025-10-04T09:00:00.000Z"
  },
  "clock_out": {
    "$date": "2025-10-04T17:15:00.000Z"
  },
  "total_work_hours": 8.25
},
{
  "_id": {
    "$oid": "6908eb76cfbee54fd84eb692"
  },
  "date": {
    "$date": "2025-10-07T00:00:00.000Z"
  },
  "clock_in": {
    "$date": "2025-10-07T09:00:00.000Z"
  },
  "clock_out": {
    "$date": "2025-10-07T17:00:00.000Z"
  },
  "total_work_hours": 8
},
{
  "_id": {
    "$oid": "6908eb76cfbee54fd84eb693"
  },
  "date": {
    "$date": "2025-10-12T00:00:00.000Z"
  },
  "clock_in": {
    "$date": "2025-10-12T09:00:00.000Z"
  },
  "clock_out": {
    "$date": "2025-10-12T17:15:00.000Z"
  },
  "total_work_hours": 8.25
},
{
  "_id": {
    "$oid": "6908eb76cfbee54fd84eb694"
  },
  "date": {
    "$date": "2025-10-02T00:00:00.000Z"
  },
  "clock_in": {
    "$date": "2025-10-02T09:15:00.000Z"
  },
  "clock_out": {
    "$date": "2025-10-02T17:00:00.000Z"
  },
  "total_work_hours": 7.75
},
{
  "_id": {
    "$oid": "6908eb76cfbee54fd84eb695"
  },
  "date": {
    "$date": "2025-10-06T00:00:00.000Z"
  },
  "clock_in": {
    "$date": "2025-10-06T09:00:00.000Z"
  },
  "clock_out": {
    "$date": "2025-10-06T17:15:00.000Z"
  },
  "total_work_hours": 8.25
},
{
  "_id": {
    "$oid": "6908eb76cfbee54fd84eb696"
  },
  "date": {
    "$date": "2025-10-10T00:00:00.000Z"
  },
  "clock_in": {
    "$date": "2025-10-10T09:30:00.000Z"
  },
  "clock_out": {
    "$date": "2025-10-10T17:00:00.000Z"
  },
  "total_work_hours": 7.5
},
{
  "_id": {
    "$oid": "6908eb76cfbee54fd84eb697"
  },
  "date": {
    "$date": "2025-10-13T00:00:00.000Z"
  },
  "clock_in": {
    "$date": "2025-10-13T09:00:00.000Z"
  },
  "clock_out": {
    "$date": "2025-10-13T17:15:00.000Z"
  },
  "total_work_hours": 8.25
},
{
  "_id": {
    "$oid": "6908eb76cfbee54fd84eb698"
  },
  "date": {
    "$date": "2025-10-07T00:00:00.000Z"
  },
  "clock_in": {
    "$date": "2025-10-07T09:00:00.000Z"
  },
  "clock_out": {
    "$date": "2025-10-07T17:00:00.000Z"
  },
  "total_work_hours": 8
},
{
  "_id": {
    "$oid": "6908eb76cfbee54fd84eb699"
  },
  "date": {
    "$date": "2025-10-01T00:00:00.000Z"
  },
  "clock_in": {
    "$date": "2025-10-01T09:00:00.000Z"
  },
  "clock_out": {
    "$date": "2025-10-01T17:30:00.000Z"
  },
  "total_work_hours": 8.5
},
{
  "_id": {
    "$oid": "6908eb76cfbee54fd84eb69a"
  },
  "date": {
    "$date": "2025-10-03T00:00:00.000Z"
  },
  "clock_in": {
    "$date": "2025-10-03T09:15:00.000Z"
  },
  "clock_out": {
    "$date": "2025-10-03T17:15:00.000Z"
  },
  "total_work_hours": 8
},
{
  "_id": {
    "$oid": "6908eb76cfbee54fd84eb69b"
  },
  "date": {
    "$date": "2025-10-08T00:00:00.000Z"
  },
  "clock_in": {
    "$date": "2025-10-08T09:00:00.000Z"
  },
  "clock_out": {
    "$date": "2025-10-08T17:30:00.000Z"
  },
  "total_work_hours": 8.5
},
{
  "_id": {
    "$oid": "6908eb76cfbee54fd84eb69c"
  },
  "date": {
    "$date": "2025-10-15T00:00:00.000Z"
  },
  "clock_in": {
    "$date": "2025-10-15T09:15:00.000Z"
  },
  "clock_out": {
    "$date": "2025-10-15T17:15:00.000Z"
  },
  "total_work_hours": 8
},
{
  "_id": {
    "$oid": "6908eb76cfbee54fd84eb69d"
  },
  "date": {
    "$date": "2025-10-02T00:00:00.000Z"
  },
  "clock_in": {
    "$date": "2025-10-02T09:00:00.000Z"
  },
  "clock_out": {
    "$date": "2025-10-02T17:00:00.000Z"
  },
  "total_work_hours": 8
},
{
  "_id": {
    "$oid": "6908eb76cfbee54fd84eb69e"
  },
  "date": {
    "$date": "2025-10-07T00:00:00.000Z"
  },
  "clock_in": {
    "$date": "2025-10-07T09:00:00.000Z"
  },
  "clock_out": {
    "$date": "2025-10-07T17:15:00.000Z"
  },
  "total_work_hours": 8.25
},
{
  "_id": {
    "$oid": "6908eb76cfbee54fd84eb69f"
  },
  "date": {
    "$date": "2025-10-01T00:00:00.000Z"
  },
  "clock_in": {
    "$date": "2025-10-01T09:00:00.000Z"
  },
  "clock_out": {
    "$date": "2025-10-01T17:00:00.000Z"
  },
  "total_work_hours": 8
},
{
  "_id": {
    "$oid": "6908eb76cfbee54fd84eb6a0"
  },
  "date": {
    "$date": "2025-10-07T00:00:00.000Z"
  },
  "clock_in": {
    "$date": "2025-10-07T09:30:00.000Z"
  },
  "clock_out": {
    "$date": "2025-10-07T17:15:00.000Z"
  },
  "total_work_hours": 7.75
},
{
  "_id": {
    "$oid": "6908eb76cfbee54fd84eb6a1"
  },
  "date": {
    "$date": "2025-10-04T00:00:00.000Z"
  },
  "clock_in": {
    "$date": "2025-10-04T09:00:00.000Z"
  },
  "clock_out": {
    "$date": "2025-10-04T17:00:00.000Z"
  },
  "total_work_hours": 8
},
{
  "_id": {
    "$oid": "6908eb76cfbee54fd84eb6a2"
  },
  "date": {
    "$date": "2025-10-09T00:00:00.000Z"
  },
  "clock_in": {
    "$date": "2025-10-09T09:15:00.000Z"
  },
  "clock_out": {
    "$date": "2025-10-09T17:00:00.000Z"
  },
  "total_work_hours": 7.75
},
{
  "_id": {
    "$oid": "6908eb76cfbee54fd84eb6a3"
  },
  "date": {
    "$date": "2025-10-05T00:00:00.000Z"
  },
  "clock_in": {
    "$date": "2025-10-05T09:00:00.000Z"
  },
  "clock_out": {
    "$date": "2025-10-05T17:30:00.000Z"
  },
  "total_work_hours": 8.5
},
{
  "_id": {
    "$oid": "6908eb76cfbee54fd84eb6a4"
  },
  "date": {
    "$date": "2025-10-13T00:00:00.000Z"
  },
  "clock_in": {
    "$date": "2025-10-13T09:00:00.000Z"
  },
  "clock_out": {
    "$date": "2025-10-13T16:45:00.000Z"
  },
  "total_work_hours": 7.75
},
{
  "_id": {
    "$oid": "6908eb76cfbee54fd84eb6a5"
  },
  "date": {
    "$date": "2025-10-04T00:00:00.000Z"
  },
  "clock_in": {
    "$date": "2025-10-04T09:00:00.000Z"
  },
  "clock_out": {
    "$date": "2025-10-04T17:30:00.000Z"
  },
  "total_work_hours": 8.5
},
{
  "_id": {
    "$oid": "6908eb76cfbee54fd84eb6a6"
  },
  "date": {
    "$date": "2025-10-02T00:00:00.000Z"
  },
  "clock_in": {
    "$date": "2025-10-02T09:00:00.000Z"
  },
  "clock_out": {
    "$date": "2025-10-02T17:00:00.000Z"
  },
  "total_work_hours": 8
},
{
  "_id": {
    "$oid": "6908eb76cfbee54fd84eb6a7"
  },
  "date": {
    "$date": "2025-10-10T00:00:00.000Z"
  },
  "clock_in": {
    "$date": "2025-10-10T09:00:00.000Z"
  },
  "clock_out": {
    "$date": "2025-10-10T17:15:00.000Z"
  },
  "total_work_hours": 8.25
},
{
  "_id": {
    "$oid": "6908eb76cfbee54fd84eb6a8"
  },
  "date": {
    "$date": "2025-10-12T00:00:00.000Z"
  },
  "clock_in": {
    "$date": "2025-10-12T09:15:00.000Z"
  },
  "clock_out": {
    "$date": "2025-10-12T17:00:00.000Z"
  },
  "total_work_hours": 7.75
},
{
  "_id": {
    "$oid": "6908eb76cfbee54fd84eb6a9"
  },
  "date": {
    "$date": "2025-10-01T00:00:00.000Z"
  },
  "clock_in": {
    "$date": "2025-10-01T09:00:00.000Z"
  },
  "clock_out": {
    "$date": "2025-10-01T17:15:00.000Z"
  },
  "total_work_hours": 8.25
},
{
  "_id": {
    "$oid": "6908eb76cfbee54fd84eb6aa"
  },
  "date": {
    "$date": "2025-10-13T00:00:00.000Z"
  },
  "clock_in": {
    "$date": "2025-10-13T09:00:00.000Z"
  },
  "clock_out": {
    "$date": "2025-10-13T17:15:00.000Z"
  },
  "total_work_hours": 8.25
},
{
  "_id": {
    "$oid": "6908eb76cfbee54fd84eb6ab"
  },
  "date": {
    "$date": "2025-10-01T00:00:00.000Z"
  },
  "clock_in": {
    "$date": "2025-10-01T09:15:00.000Z"
  },
  "clock_out": {
    "$date": "2025-10-01T17:00:00.000Z"
  },
  "total_work_hours": 7.75
},
{
  "_id": {
    "$oid": "6908eb76cfbee54fd84eb6ac"
  },
  "date": {
    "$date": "2025-10-08T00:00:00.000Z"
  },
  "clock_in": {
    "$date": "2025-10-08T09:00:00.000Z"
  },
  "clock_out": {
    "$date": "2025-10-08T17:30:00.000Z"
  },
  "total_work_hours": 8.5
},
{
  "_id": {
    "$oid": "6908eb76cfbee54fd84eb6ad"
  },
  "date": {
    "$date": "2025-10-12T00:00:00.000Z"
  },
  "clock_in": {
    "$date": "2025-10-12T09:00:00.000Z"
  },
  "clock_out": {
    "$date": "2025-10-12T17:00:00.000Z"
  },
  "total_work_hours": 8
},
{
  "_id": {
    "$oid": "6908eb76cfbee54fd84eb6ae"
  },
  "date": {
    "$date": "2025-10-09T00:00:00.000Z"
  },
  "clock_in": {
    "$date": "2025-10-09T09:30:00.000Z"
  },
  "clock_out": {
    "$date": "2025-10-09T16:45:00.000Z"
  },
  "total_work_hours": 7.25
},
{
  "_id": {
    "$oid": "6908eb76cfbee54fd84eb6af"
  },
  "date": {
    "$date": "2025-10-10T00:00:00.000Z"
  },
  "clock_in": {
    "$date": "2025-10-10T09:00:00.000Z"
  },
  "clock_out": {
    "$date": "2025-10-10T17:15:00.000Z"
  },
  "total_work_hours": 8.25
},
{
  "_id": {
    "$oid": "6908eb76cfbee54fd84eb6b0"
  },
  "date": {
    "$date": "2025-10-07T00:00:00.000Z"
  },
  "clock_in": {
    "$date": "2025-10-07T09:00:00.000Z"
  },
  "clock_out": {
    "$date": "2025-10-07T17:00:00.000Z"
  },
  "total_work_hours": 8
},
{
  "_id": {
    "$oid": "6908eb76cfbee54fd84eb6b1"
  },
  "date": {
    "$date": "2025-10-06T00:00:00.000Z"
  },
  "clock_in": {
    "$date": "2025-10-06T09:00:00.000Z"
  },
  "clock_out": {
    "$date": "2025-10-06T17:15:00.000Z"
  },
  "total_work_hours": 8.25
},
{
  "_id": {
    "$oid": "6908eb76cfbee54fd84eb6b2"
  },
  "date": {
    "$date": "2025-10-14T00:00:00.000Z"
  },
  "clock_in": {
    "$date": "2025-10-14T09:15:00.000Z"
  },
  "clock_out": {
    "$date": "2025-10-14T17:00:00.000Z"
  },
  "total_work_hours": 7.75
},
{
  "_id": {
    "$oid": "6908eb76cfbee54fd84eb6b3"
  },
  "date": {
    "$date": "2025-10-11T00:00:00.000Z"
  },
  "clock_in": {
    "$date": "2025-10-11T09:00:00.000Z"
  },
  "clock_out": {
    "$date": "2025-10-11T17:00:00.000Z"
  },
  "total_work_hours": 8
},
{
  "_id": {
    "$oid": "6908eb76cfbee54fd84eb6b4"
  },
  "date": {
    "$date": "2025-10-04T00:00:00.000Z"
  },
  "clock_in": {
    "$date": "2025-10-04T09:00:00.000Z"
  },
  "clock_out": {
    "$date": "2025-10-04T16:45:00.000Z"
  },
  "total_work_hours": 7.75
},
{
  "_id": {
    "$oid": "6908eb76cfbee54fd84eb6b5"
  },
  "date": {
    "$date": "2025-10-14T00:00:00.000Z"
  },
  "clock_in": {
    "$date": "2025-10-14T09:00:00.000Z"
  },
  "clock_out": {
    "$date": "2025-10-14T17:30:00.000Z"
  },
  "total_work_hours": 8.5
},
{
  "_id": {
    "$oid": "6908eb76cfbee54fd84eb6b6"
  },
  "date": {
    "$date": "2025-10-02T00:00:00.000Z"
  },
  "clock_in": {
    "$date": "2025-10-02T09:30:00.000Z"
  },
  "clock_out": {
    "$date": "2025-10-02T17:15:00.000Z"
  },
  "total_work_hours": 7.75
},
{
  "_id": {
    "$oid": "6908eb76cfbee54fd84eb6b7"
  },
  "date": {
    "$date": "2025-10-07T00:00:00.000Z"
  },
  "clock_in": {
    "$date": "2025-10-07T09:00:00.000Z"
  },
  "clock_out": {
    "$date": "2025-10-07T17:15:00.000Z"
  },
  "total_work_hours": 8.25
},
{
  "_id": {
    "$oid": "6908eb76cfbee54fd84eb6b8"
  },
  "date": {
    "$date": "2025-10-10T00:00:00.000Z"
  },
  "clock_in": {
    "$date": "2025-10-10T09:15:00.000Z"
  },
  "clock_out": {
    "$date": "2025-10-10T17:00:00.000Z"
  },
  "total_work_hours": 7.75
},
{
  "_id": {
    "$oid": "6908eb76cfbee54fd84eb6b9"
  },
  "date": {
    "$date": "2025-10-06T00:00:00.000Z"
  },
  "clock_in": {
    "$date": "2025-10-06T09:00:00.000Z"
  },
  "clock_out": {
    "$date": "2025-10-06T17:00:00.000Z"
  },
  "total_work_hours": 8
},
{
  "_id": {
    "$oid": "6908eb76cfbee54fd84eb6ba"
  },
  "date": {
    "$date": "2025-10-09T00:00:00.000Z"
  },
  "clock_in": {
    "$date": "2025-10-09T09:00:00.000Z"
  },
  "clock_out": {
    "$date": "2025-10-09T17:30:00.000Z"
  },
  "total_work_hours": 8.5
},
{
  "_id": {
    "$oid": "6908eb76cfbee54fd84eb6bb"
  },
  "date": {
    "$date": "2025-10-08T00:00:00.000Z"
  },
  "clock_in": {
    "$date": "2025-10-08T09:30:00.000Z"
  },
  "clock_out": {
    "$date": "2025-10-08T17:00:00.000Z"
  },
  "total_work_hours": 7.5
},
{
  "_id": {
    "$oid": "6908eb76cfbee54fd84eb6bc"
  },
  "date": {
    "$date": "2025-10-10T00:00:00.000Z"
  },
  "clock_in": {
    "$date": "2025-10-10T09:00:00.000Z"
  },
  "clock_out": {
    "$date": "2025-10-10T17:15:00.000Z"
  },
  "total_work_hours": 8.25
},
{
  "_id": {
    "$oid": "6908eb76cfbee54fd84eb6bd"
  },
  "date": {
    "$date": "2025-10-11T00:00:00.000Z"
  },
  "clock_in": {
    "$date": "2025-10-11T09:00:00.000Z"
  },
  "clock_out": {
    "$date": "2025-10-11T17:00:00.000Z"
  },
  "total_work_hours": 8
},
{
  "_id": {
    "$oid": "6908eb76cfbee54fd84eb6be"
  },
  "date": {
    "$date": "2025-10-06T00:00:00.000Z"
  },
  "clock_in": {
    "$date": "2025-10-06T09:00:00.000Z"
  },
  "clock_out": {
    "$date": "2025-10-06T17:15:00.000Z"
  },
  "total_work_hours": 8.25
},
{
  "_id": {
    "$oid": "6908eb76cfbee54fd84eb6bf"
  },
  "date": {
    "$date": "2025-10-14T00:00:00.000Z"
  },
  "clock_in": {
    "$date": "2025-10-14T09:15:00.000Z"
  },
  "clock_out": {
    "$date": "2025-10-14T17:00:00.000Z"
  },
  "total_work_hours": 7.75
},
{
  "_id": {
    "$oid": "6908eb76cfbee54fd84eb6c0"
  },
  "date": {
    "$date": "2025-10-05T00:00:00.000Z"
  },
  "clock_in": {
    "$date": "2025-10-05T09:00:00.000Z"
  },
  "clock_out": {
    "$date": "2025-10-05T17:15:00.000Z"
  },
  "total_work_hours": 8.25
},
{
  "_id": {
    "$oid": "6908eb76cfbee54fd84eb6c1"
  },
  "date": {
    "$date": "2025-10-03T00:00:00.000Z"
  },
  "clock_in": {
    "$date": "2025-10-03T09:00:00.000Z"
  },
  "clock_out": {
    "$date": "2025-10-03T17:00:00.000Z"
  },
  "total_work_hours": 8
},
{
  "_id": {
    "$oid": "6908eb76cfbee54fd84eb6c2"
  },
  "date": {
    "$date": "2025-10-15T00:00:00.000Z"
  },
  "clock_in": {
    "$date": "2025-10-15T09:30:00.000Z"
  },
  "clock_out": {
    "$date": "2025-10-15T17:30:00.000Z"
  },
  "total_work_hours": 8
},
{
  "_id": {
    "$oid": "6908eb76cfbee54fd84eb6c3"
  },
  "date": {
    "$date": "2025-10-08T00:00:00.000Z"
  },
  "clock_in": {
    "$date": "2025-10-08T09:00:00.000Z"
  },
  "clock_out": {
    "$date": "2025-10-08T17:00:00.000Z"
  },
  "total_work_hours": 8
},
{
  "_id": {
    "$oid": "6908eb76cfbee54fd84eb6c4"
  },
  "date": {
    "$date": "2025-10-07T00:00:00.000Z"
  },
  "clock_in": {
    "$date": "2025-10-07T09:00:00.000Z"
  },
  "clock_out": {
    "$date": "2025-10-07T17:15:00.000Z"
  },
  "total_work_hours": 8.25
},
{
  "_id": {
    "$oid": "6908eb76cfbee54fd84eb6c5"
  },
  "date": {
    "$date": "2025-10-04T00:00:00.000Z"
  },
  "clock_in": {
    "$date": "2025-10-04T09:30:00.000Z"
  },
  "clock_out": {
    "$date": "2025-10-04T17:00:00.000Z"
  },
  "total_work_hours": 7.5
},
{
  "_id": {
    "$oid": "6908eb76cfbee54fd84eb6c6"
  },
  "date": {
    "$date": "2025-10-09T00:00:00.000Z"
  },
  "clock_in": {
    "$date": "2025-10-09T09:00:00.000Z"
  },
  "clock_out": {
    "$date": "2025-10-09T17:15:00.000Z"
  },
  "total_work_hours": 8.25
},
{
  "_id": {
    "$oid": "6908f561d61428f4cfda99e1"
  },
  "date": {
    "$date": "2025-11-04T00:00:00.000Z"
  },
  "clock_in": {
    "$date": "2025-11-02T09:00:00.000Z"
  },
  "createdAt": {
    "$date": "2025-11-03T18:33:05.952Z"
  },
  "updatedAt": {
    "$date": "2025-11-03T18:34:45.160Z"
  },
  "__v": 0,
  "clock_out": {
    "$date": "2025-11-02T17:35:00.000Z"
  },
  "total_work_hours": 8.58
}]