[
  {
    "leaveManagementId": "a1b2c3d4-e5f6-7890-abcd-000000000001",
    "empId": "EMP001",
    "startDate": "2025-11-01T00:00:00.000Z",
    "endDate": "2025-11-03T00:00:00.000Z",
    "leaveRefId": "f1e2d3c4-b5a6-7890-abcd-000000000001",
    "leaveType": "sick",
    "status": "pending",
    "appliedDays": 3
  },
  {
    "leaveManagementId": "a1b2c3d4-e5f6-7890-abcd-000000000002",
    "empId": "EMP002",
    "startDate": "2025-11-05T00:00:00.000Z",
    "endDate": "2025-11-06T00:00:00.000Z",
    "leaveRefId": "f1e2d3c4-b5a6-7890-abcd-000000000002",
    "leaveType": "casual",
    "status": "approved",
    "appliedDays": 2
  },
  {
    "leaveManagementId": "a1b2c3d4-e5f6-7890-abcd-000000000003",
    "empId": "EMP003",
    "startDate": "2025-11-10T00:00:00.000Z",
    "endDate": "2025-11-12T00:00:00.000Z",
    "leaveRefId": "f1e2d3c4-b5a6-7890-abcd-000000000003",
    "leaveType": "sick",
    "status": "rejected",
    "appliedDays": 3
  },
  {
    "leaveManagementId": "a1b2c3d4-e5f6-7890-abcd-000000000004",
    "empId": "EMP004",
    "startDate": "2025-11-15T00:00:00.000Z",
    "endDate": "2025-11-15T00:00:00.000Z",
    "leaveRefId": "f1e2d3c4-b5a6-7890-abcd-000000000004",
    "leaveType": "casual",
    "status": "pending",
    "appliedDays": 1
  },
  {
    "leaveManagementId": "a1b2c3d4-e5f6-7890-abcd-000000000005",
    "empId": "EMP005",
    "startDate": "2025-11-20T00:00:00.000Z",
    "endDate": "2025-11-22T00:00:00.000Z",
    "leaveRefId": "f1e2d3c4-b5a6-7890-abcd-000000000005",
    "leaveType": "sick",
    "status": "approved",
    "appliedDays": 3
  },
  {
    "leaveManagementId": "a1b2c3d4-e5f6-7890-abcd-000000000006",
    "empId": "EMP006",
    "startDate": "2025-11-25T00:00:00.000Z",
    "endDate": "2025-11-26T00:00:00.000Z",
    "leaveRefId": "f1e2d3c4-b5a6-7890-abcd-000000000006",
    "leaveType": "casual",
    "status": "pending",
    "appliedDays": 2
  },
  {
    "leaveManagementId": "a1b2c3d4-e5f6-7890-abcd-000000000007",
    "empId": "EMP007",
    "startDate": "2025-11-28T00:00:00.000Z",
    "endDate": "2025-11-30T00:00:00.000Z",
    "leaveRefId": "f1e2d3c4-b5a6-7890-abcd-000000000007",
    "leaveType": "sick",
    "status": "rejected",
    "appliedDays": 3
  },
  {
    "leaveManagementId": "a1b2c3d4-e5f6-7890-abcd-000000000008",
    "empId": "EMP008",
    "startDate": "2025-12-01T00:00:00.000Z",
    "endDate": "2025-12-02T00:00:00.000Z",
    "leaveRefId": "f1e2d3c4-b5a6-7890-abcd-000000000008",
    "leaveType": "casual",
    "status": "approved",
    "appliedDays": 2
  },
  {
    "leaveManagementId": "a1b2c3d4-e5f6-7890-abcd-000000000009",
    "empId": "EMP009",
    "startDate": "2025-12-05T00:00:00.000Z",
    "endDate": "2025-12-07T00:00:00.000Z",
    "leaveRefId": "f1e2d3c4-b5a6-7890-abcd-000000000009",
    "leaveType": "sick",
    "status": "pending",
    "appliedDays": 3
  },
  {
    "leaveManagementId": "a1b2c3d4-e5f6-7890-abcd-000000000010",
    "empId": "EMP010",
    "startDate": "2025-12-10T00:00:00.000Z",
    "endDate": "2025-12-12T00:00:00.000Z",
    "leaveRefId": "f1e2d3c4-b5a6-7890-abcd-000000000010",
    "leaveType": "casual",
    "status": "approved",
    "appliedDays": 3
  }
]
